ID,Text
1,خليت الجوال يشحن لليوم، بس نسيته وبطاريته خلصت.  
2,شو بيصير إذا حذفت هالتطبيق؟ بلسة بلا حذفه.  
3,النت عندي ببطئ كتير اليوم، يمكن الكابل بحاجة لتصليح.  
4,فيه تحديث جديد للعبة، بدي أنزلها عشان أجربها.  
5,بدي أتأكد إنو الرابط مو مفيرس قبل ما أضغط عليه.  
6,فيه تطبيق لطلب الأكل، بتحس انو مريح كتير.  
7,فيه برنامج تعليمي جديد على النت، سمعت إنو ممتاز.  
8,لازم نعمل ضبط للراوتر لأنه الشبكة عم تفصل.  
9,اليوتيوب كتير فيه فيديوهات عن أحدث التكنلوجيا.  
10,فيه هالموقع ببيع دومين بأسعار مناسبة.  
11,جربت برنامج المراسلة الجديد، كتير سريع وسهل.  
12,يلا نفتح محادثة جماعية وننظم الرحلة.  
13,سمعت عن جهاز جديد يعتبر ثورة بتكنولوجيا الهواتف.  
14,شفت الترويج لآخر سلسلة من الأجهزة الذكية؟  
15,الكمبيوتر صار ثقيل، لازم أفضي عليه شوية مساحات.  
16,الواي فاي عند جارنا أسرع بكتير، بدي أسأله عنه.  
17,خليت شغلي عالايميل، بدي أرجع أتابع مع العميل.  
18,الذكاء الاصطناعي عم يتطور بسرعة، بدي أتعلم عنه أكثر.  
19,حطيت صورتي عالإنستغرام ونزلت عليها هاشتاج.  
20,فتح الكمبيوتر ع طول بس الجديد بياخد وقت أطول.  
21,شوف هالميمز، كتير طريفة وفرت عليي ضحك.  
22,هلأ صار بإمكاني أتابع الأكاديميات أونلاين.  
23,يا معلم، فين أشتري كوفر للجوال؟  
24,وعدت رفيقي أساعده بتصميم صفحته على الفيسبوك.  
25,تطبيق الموسيقى اللي عجبني جديد، لازم تسمعه.  
26,بصراحة، الفيديوهات القصيرة عم تنجح بشكل كبير.  
27,شفت الشرح عاليوتيوب؟ ساعدني كتير بحل مشكلتي.  
28,مبسطت لأنو أخي سجل بالبرمجة، فرصة كبيرة.  
29,محتاجين نجرب أسلوب التسويق الجديد عالإنترنت.  
30,كتبت شوية خواطر عالمدونة، وصرت أحس انو عندي جمهور.  
31,مرتي طلبت جهاز المطبخ الجديد، هي بتحب التكنلوجيا.  
32,عندك فكرة عن كيف أعدل على صورة باستخدام التطبيق؟  
33,تطبيق الرياضة اللي نصحوني فيه كتير مفيد.  
34,أنت بتستخدم تقنية التعرف على الوجه؟  
35,بدي أشتري لابتوب جديد، شو تنصحوني؟  
36,البرامج المليانة محتوى مفيدة للطلبة جديدة كتير.  
37,هلأ صار في تطبيق لتسهيل المواصلات، جربته؟  
38,صرت أستخدم المنبه بالهاتف ليل نهار.  
39,التيك توك كيف انتشر بهالبساطة؟  
40,فيه خوارزمية جديدة بتحلل البيانات بسرعة.  
41,من يومين تعرفت على برنامج خلاص بيشرح كلشي.  
42,سألت صديقي عن أوضاع الانترنت عنده، بس لا حياة لمن تنادي.  
43,ما شاء الله على الجيل الجديد، بتقنياتهم مجانين!  
44,خسرت المساحة عالتخزين، بدي أحذف حاجات.  
45,خليت هالصورة بالاستوديو، كانت بوقتها.  
46,شو رأيك بهالموقع للألعاب؟ عنجد فيه تنوع.  
47,أحياناً أستعمل السيري لحتى أكتب بسرعة.  
48,صديقة إلي بتشتغل برمجة، ودايمًا عندها أفكار جديدة.  
49,بدي أتعلم البرمجة، سمعت إنه مهم هالأيام.  
50,سجلت بحصص م_online، وبتمنى أستفيد منهن.  
51,صار عندنا تلفزيون ذكي، يعني كل شي عالنت.  
52,الأمن السيبراني هاليومين صار موضوع مهم.  
53,بصراحة، التعليقات على السوشيال ميديا مضحكة.  
54,بقدر أتابع كل الدورات أونلاين، فكرة مش بطالة.  
55,إذا انسدت باب الجوال، بشتغل أونلاين بلا ما أخرج.  
56,بدي أعمل جولة بالمسرح الافتراضي، حبيت الفكرة.  
57,شفت انستغرام صار فيه ميزات جديدة؟ مفيد!  
58,ياريت كل البرامج تكون سهلة بهاي الطريقة.  
59,صرت أتابع ويوتيوبرز بها السلبية، شو برأيك؟  
60,بالعادة، ألتقط كل ذكرياتي عالتليفون.  
61,هالجهاز ممكن يحفظ كل شيء، متخيل!  
62,إذا مللت، بس افتح التطبيق وراح تفرح.  
63,ما في أحسن من الموسيقى لما أشتغل على المشروع.  
64,حسّيت حالي انغمرت بالتكنولوجيا، بس بحبه.  
65,تعلم اللغة الجديدة صار أسهل عالنت.  
66,هالتطبيق رائع، بساعدني أذكر كل مواعيدي.  
67,دربت حالي على تنظيم الشغل باستخدام التكنولوجيا.  
68,بدي أفتح صفحتي الخاصة على الويب.  
69,في مشروع جديد صرت مشترك فيه، التكنولوجيا عاملت فرق.  
70,أحيانًا، التطبيق يحتاج تحديث، بس النتيجة بتستاهل.  
71,ياريتني عرفت خطوات الأمان أونلاين قبل.  
72,المسلسلات الجديدة صارت تلحقها الناس بشكل كبير.  
73,نزلت اللعبة وقالولي إنو تكتيكها رهيب.  
74,بدي أشتري هاي السماعات، سمعت إنو الصوت عالم آخر.  
75,المعالج الجديد نزل بالسوق، بدي أطلع عليه.  
76,في تطبيق يساعدك تعلم مهارات جديدة، جربته؟  
77,انتبهت لموقعهم، بدلوا تصميمه، كأنو اجدد.  
78,مرة رحت عمق الشبكة، بس مضيعت وقتي.  
79,جهاز الهوم الذكي بحاجة لتحديث، مش راضي يشتغل.  
80,أحب متابعة الفيديوهات الحية، بتخلصني من التوتر.  
81,إذا فتحت الجهاز من جديد، بدي أضيف برنامج جديد.  
82,كل ما شفتبودكاست، بشعر انو فيه أشياء مفيدة.  
83,فيسبوك عم يغير سياسته، شو رأيك بها التغييرات؟  
84,ياريت لو فيه تطبيق يجمع كل كتبي.  
85,هالأسلوب بالألعاب مبدع، بحب الجديد.  
86,عايشين بعصر غريب بالتكنولوجيا، صحيح؟  
87,جربت تطبيق هاي التصوير الجديد؟ الصور بتطلع روعة.  
88,الموسيقى اللي أنزلتها اليوم، ألهمتني أوصل لمرحلة جديدة.  
89,شوفا انو أوقات ضيعنا الوقت، شو الحل؟  
90,بدي أحمل كتاب إلكتروني عن نفس الموضوع اللي عندي.  
91,لعبة جديدة نزلت، تجيبلك تحديات جميلة.  
92,لي صديق عنده أكاديمية تعليمية، فكرة مبدعة.  
93,التسويق الرقمي صار يكسب الزبائن بسرعة.  
94,كل يوم بكتشف شي جديد بالهاتف.  
95,الجهاز اللي اشتريته الشهر الماضي صار عنده مشاكل.  
96,يجوز أغير الجهاز على التايم لاين لعندي.  
97,بتمنى أظل متعلم حتى أكبر، التكنولوجيا مهمة.  
98,صار عندي فكرة عن البرمجة، ياريت تنجح معي.  
99,هاي التطبيقات الجديدة بتساعدني على التواصل مع الأصدقاء.  
100,سمعت عن تقنية الواقع الافتراضي، غريبة شوي صح؟  
101,عائلة الصغيرة تحب تحتفظ بكل الصور الرقمية.  
102,قررت أفتح قناة أشارك فيها تجاربي بالتكنولوجيا.  
103,من كم يوم قرأت خبر عن الثورة التقنية.  
104,الجيروسكوب اللي بجوالي معي مش شغال.  
105,بدي أدور على محاضرات أونلاين، تعلم شيء جديد.  
106,المواقع الإلكترونية عم بتكون متطورة بشكل مستمر.  
107,الأمن المعلوماتي بقلب اهتمامي، بدي أتعلم أكثر.  
108,شفت عرض على الجهاز الجديد؟ سعره مناسب.  
109,القراءة بالإلكتروني فوق الورقي مريحة أحياناً.  
110,مبسوطة لأنه عنا التطبيقات اللي بتساعد برياضة.  
111,فيه دورات مكثفة عبر التطبيقات، بدي أسجل بنهاون.  
112,بدي أوصل للمستوى المطلوب بالتدريب، التكنولوجيا بتساعد.  
113,تطبيق خطة التسوق كمان بيفيد قبل ما أنزل للسوق.  
114,سمعت عن هاتف جديد بيقولو فيه ميزات مش ممكن تخيلها!  
115,الإنترنت ملاهي بتفجر الإبداع عند الشباب.  
116,إذا صرت تتابع الدورات أونلاين، الرزق بيجي لوحده.  
117,عندي مشكلة بتثبيت هالتطبيق، في حدا مرّ فيها؟  
118,لازم تتحقق من معلوماتك قبل ما تنشرها.  
119,حتى الأطفال تدرس عبر الإنترنت، العصر الحديث.  
120,الأفكار الحديثة للألعاب عم تطلع للعلن بسرعة.  
121,استغلال التكنولوجيا بحساباتنا اليومية كتير مهم.  
122,الأفلام الوثائقية الآن تصير بالموبايل، كتير سهولة.  
123,بيخبروني عن تطبيقات توصيل الشحنات، جربتوها؟  
124,براحة نفسية، نت تعودنا عليها ما تقدر تعوضها.  
125,الفيديوهات التعليمية محرر كبيرة بتضيف لك معلومات.  
126,كل ما شفت الدروس أونلاين، بحس إنو شعاع الأمل.  
127,هلأ صار عندنا انترنت بجميع الأماكن، مش معقول!  
128,التشتت بين برامجي يدفعني لاحيان اني مجرب شغلات.  
129,قفزت جودة الفيدوهات بشكل كبير مؤخرًا.  
130,جربت أسلوب التعليم باللعب، وعنجد ممتع.  
131,مغامرتي أما أتعلم شيء جديد عبر اليوتيوب.  
132,قناة أصدقائي عاملة تأثير غير طبيعي، عم نجرب فعاليات.  
133,أسعار الهواتف الذكية عم ترتفع بشكل جنوني، مين شاري؟  
134,التطبيقات الصحية عم تعطي تجارب حقيقية للناس.  
135,بدي ألعب باللعبة أونلاين مع أصحابي، حماس!  
136,تأكدت من تحديث هالجهاز، بدي حسي بفرق بالتجربة.  
137,خدمات المراسلة الفورية دائماً بتحتاج تحديثات.  
138,على الرغم من كل التعقيدات، التكنولوجيا بطريقها.  
139,شوف كم تطبيق رح يسهل حياتك إذا عرفت تستخدمه.  
140,بتحب تسمع البودكاست قبل النوم، إنه مريح؟  
141,أقصد التطبيق يعني بشغلك كأنو معك واحد بمكتب.  
142,ياريتني اعرف كيف أتعامل مع الأخطاء بهالتطبيقات.  
143,التسويق الاجتماعي عم يزداد تأثيره على المستهلكين.  
144,ارتحت كثير عشان كلشي صار متوفر على النت.  
145,المؤتمرات الافتراضية صارت بديل ناجح للحضور الفعلي.  
146,نزلت لعبة العقل هاي وسمعت إنه بتفيد بشكل كبير.  
147,شفت إنو بعض الناس يستخدموا التقنيات لإزالة التوتر، فعلاً مفيد.  
148,اعتدت على الدراسة باستخدام اليوتيوب، سهل ومرتاح.  
149,بدّي أتعلم عن البرمجة بشكل احترافي، بدي أخذ دورة.  
150,اجهزة المراقبة المنزلية صارت تحافظ على الأمان بشكل أفضل.  
151,سألت عن التحديثات الجديدة على برامج الفيديو، كل التجارب عجيبة.  
152,بدي أحضر ورشة عمل عن التسويق الرقمي عبر الإنترنت.  
153,يعني التكنولوجيا صارت رفيقة دربي بكل تفاصيل حياتي.  
154,محاولتي بأخذ كورسات أونلاين تحت الضغوطات كانت ناجحة.  
155,البرمجة والذكاء الاصطناعي ثنائي بيفتح آفاق جديدة.
